Case_ID,Overall_Score,Subjective,Objective,Assessment,Plan
Constipation,59.26,66.67,50.0,0.0,75.0
Sore Throat,52.78,50.0,42.86,100.0,66.67
Fatigue,33.33,26.32,55.56,0.0,50.0
Eye Infection,40.0,45.45,0.0,100.0,44.44
Skin Lesion,44.0,50.0,66.67,0.0,28.57
Earache,76.0,75.0,71.43,100.0,77.78
Dizziness,40.0,35.29,50.0,100.0,33.33
Back Pain,29.27,43.75,20.0,0.0,25.0
Burnout,50.0,50.0,55.56,40.0,50.0
Migraine,59.52,45.45,80.0,50.0,75.0
Average,48.416,48.793,49.208000000000006,49.0,52.57899999999999
