Case_ID,Overall_Score,Subjective,Objective,Assessment,Plan
Earache,52.0,75.0,85.71,100.0,0.0
Eye Infection,40.0,63.64,50.0,100.0,0.0
Constipation,48.15,75.0,75.0,33.33,0.0
Back Pain,56.1,93.75,80.0,0.0,0.0
Sore Throat,66.67,83.33,92.86,100.0,0.0
Dizziness,60.0,70.59,83.33,100.0,0.0
Skin Lesion,60.0,90.0,100.0,0.0,0.0
Migraine,66.67,86.36,80.0,50.0,0.0
Burnout,45.0,62.5,77.78,20.0,0.0
Fatique,58.33,84.21,55.56,0.0,0.0
Average,55.29200000000001,78.43800000000002,78.024,50.333,0.0
