Case_ID,Overall_Score,Subjective,Objective,Assessment,Plan
Earache,56.0,75.0,100.0,100.0,0.0
Eye Infection,32.0,45.45,50.0,100.0,0.0
Constipation,62.96,83.33,100.0,100.0,0.0
Skin Lesion,60.0,70.0,100.0,100.0,0.0
Sore Throat,69.44,83.33,100.0,100.0,0.0
Dizziness,63.33,76.47,83.33,100.0,0.0
Back Pain,51.22,93.75,60.0,0.0,0.0
Fatique,69.44,84.21,77.78,50.0,0.0
Migraine,66.67,86.36,80.0,50.0,0.0
Burnout,57.5,81.25,88.89,40.0,0.0
Average,58.855999999999995,77.91499999999999,84.0,74.0,0.0
