Case_ID,Overall_Score,Subjective,Objective,Assessment,Plan
Constipation,85.19,75.0,75.0,100.0,100.0
Earache,68.0,62.5,100.0,100.0,44.44
Eye Infection,56.0,36.36,50.0,100.0,77.78
Sore Throat,77.78,66.67,78.57,100.0,88.89
Fatique,33.33,63.16,0.0,0.0,0.0
Dizziness,10.0,17.65,0.0,0.0,0.0
Migraine,33.33,63.64,0.0,0.0,0.0
Back Pain,19.51,50.0,0.0,0.0,0.0
Burnout,0.0,0.0,0.0,0.0,0.0
Skin Lesion,80.0,80.0,100.0,100.0,57.14
Average,46.31400000000001,51.498000000000005,40.357,50.0,36.825
