Case_ID,Overall_Score,Subjective,Objective,Assessment,Plan
Earache,56.0,50.0,71.43,100.0,44.44
Eye Infection,36.0,27.27,50.0,100.0,33.33
Skin Lesion,36.0,40.0,50.0,50.0,14.29
Constipation,66.67,66.67,75.0,0.0,87.5
Dizziness,50.0,41.18,50.0,100.0,66.67
Fatique,33.33,31.58,33.33,0.0,75.0
Sore Throat,55.56,41.67,57.14,100.0,66.67
Burnout,30.0,18.75,88.89,20.0,0.0
Back Pain,36.59,6.25,60.0,0.0,66.67
Migraine,61.9,63.64,80.0,50.0,37.5
Average,46.205,38.701,61.57899999999999,52.0,49.20700000000001
