Case_ID,Overall_Score,Subjective,Objective,Assessment,Plan
Dizziness,16.67,0.0,33.33,100.0,33.33
Earache,24.0,50.0,14.29,0.0,11.11
Eye Infection,20.0,0.0,25.0,100.0,33.33
Skin Lesion,44.0,30.0,66.67,100.0,28.57
Constipation,40.74,58.33,25.0,0.0,37.5
Sore Throat,38.89,50.0,28.57,100.0,33.33
Back Pain,12.2,6.25,10.0,0.0,25.0
Burnout,30.0,18.75,44.44,20.0,40.0
Migraine,35.71,45.45,20.0,50.0,25.0
Fatique,41.67,42.11,44.44,0.0,75.0
Average,30.387999999999998,30.089,31.173999999999996,47.0,34.217
