Case_ID,Overall_Score,Subjective,Objective,Assessment,Plan
Eye Infection,12.0,0.0,50.0,100.0,0.0
Earache,48.0,50.0,100.0,100.0,0.0
Dizziness,26.67,23.53,16.67,100.0,33.33
Constipation,51.85,66.67,25.0,0.0,62.5
Migraine,40.48,45.45,20.0,50.0,50.0
Skin Lesion,52.0,80.0,66.67,50.0,0.0
Burnout,25.0,18.75,55.56,40.0,0.0
Back Pain,26.83,50.0,20.0,33.33,0.0
Fatique,19.44,31.58,11.11,0.0,0.0
Sore Throat,58.33,66.67,50.0,100.0,55.56
Average,36.06,43.265,41.501000000000005,57.33299999999999,20.139
