Case_ID,Overall_Score,Subjective,Objective,Assessment,Plan
Earache,40.0,50.0,42.86,0.0,33.33
Eye Infection,24.0,18.18,0.0,100.0,33.33
Sore Throat,30.56,25.0,28.57,100.0,33.33
Skin Lesion,20.0,30.0,33.33,0.0,0.0
Constipation,44.44,66.67,25.0,0.0,37.5
Dizziness,26.67,23.53,33.33,100.0,16.67
Migraine,26.19,27.27,20.0,50.0,25.0
Back Pain,12.2,12.5,10.0,0.0,16.67
Burnout,20.0,12.5,44.44,20.0,10.0
Fatique,30.56,31.58,33.33,25.0,25.0
Average,27.462,29.722999999999995,27.085999999999995,39.5,23.083
