Case_ID,Overall_Score,Subjective,Objective,Assessment,Plan
Constipation,40.74,58.33,50.0,0.0,25.0
Eye Infection,12.0,0.0,0.0,100.0,22.22
Earache,36.0,37.5,14.29,100.0,44.44
Skin Lesion,32.0,30.0,50.0,50.0,14.29
Sore Throat,41.67,50.0,21.43,100.0,55.56
Dizziness,26.67,17.65,50.0,100.0,16.67
Fatique,19.44,15.79,22.22,0.0,50.0
Migraine,28.57,27.27,20.0,50.0,37.5
Burnout,32.5,18.75,44.44,20.0,50.0
Back Pain,19.51,25.0,10.0,0.0,25.0
Average,28.910000000000004,28.029000000000003,28.238,52.0,34.068
