Case_ID,Overall_Score,Subjective,Objective,Assessment,Plan
Constipation,33.33,50.0,25.0,0.0,25.0
Eye Infection,16.0,9.09,0.0,0.0,33.33
Earache,28.0,37.5,14.29,0.0,33.33
Fatique,5.56,5.26,11.11,0.0,0.0
Dizziness,23.33,17.65,33.33,100.0,16.67
Skin Lesion,20.0,20.0,33.33,0.0,14.29
Sore Throat,33.33,33.33,28.57,0.0,44.44
Migraine,30.95,27.27,40.0,0.0,37.5
Back Pain,14.63,12.5,0.0,0.0,33.33
Burnout,30.0,0.0,55.56,0.0,70.0
Average,23.512999999999998,21.259999999999998,24.119,10.0,30.788999999999998
