Case_ID,Overall_Score,Subjective,Objective,Assessment,Plan
Earache,72.0,87.5,85.71,0.0,55.56
Sore Throat,58.33,50.0,64.29,100.0,55.56
Eye Infection,40.0,36.36,25.0,100.0,44.44
Dizziness,30.0,23.53,50.0,100.0,16.67
Constipation,62.96,75.0,50.0,0.0,75.0
Skin Lesion,48.0,40.0,66.67,0.0,57.14
Migraine,59.52,45.45,80.0,100.0,62.5
Fatigue,52.78,63.16,44.44,25.0,50.0
Burnout,52.5,31.25,77.78,40.0,70.0
Back Pain,31.71,43.75,0.0,66.67,33.33
Average,50.78,49.6,54.388999999999996,53.166999999999994,52.02
